-1.0000000000000007,99,899,1.0
-1.0000000000000007,99,900,0.99
-1.0000000000000007,99,973,0.9801
-0.9600000000000006,97,899,0.9702989999999999
-1.0000000000000007,99,904,0.96059601
-0.7500000000000004,75,734,0.9509900498999999
-0.6900000000000004,69,677,0.9414801494009999
-1.0000000000000007,99,979,0.9320653479069899
-1.0000000000000007,99,903,0.92274469442792
-1.0000000000000007,99,904,0.9135172474836407
-1.0000000000000007,99,908,0.9043820750088043
-1.0000000000000007,99,905,0.8953382542587163
-1.0000000000000007,99,908,0.8863848717161291
-1.0000000000000007,99,975,0.8775210229989678
-1.0000000000000007,99,980,0.8687458127689781
-1.0000000000000007,99,904,0.8600583546412883
-1.0000000000000007,99,908,0.8514577710948754
-1.0000000000000007,99,905,0.8429431933839266
-0.9700000000000006,97,938,0.8345137614500874
-1.0000000000000007,99,990,0.8261686238355865
-1.0000000000000007,99,959,0.8179069375972307
-1.0000000000000007,99,899,0.8097278682212583
-1.0000000000000007,99,899,0.8016305895390458
-1.0000000000000007,99,933,0.7936142836436553
-1.0000000000000007,99,938,0.7856781408072188
-1.0000000000000007,99,1019,0.7778213593991465
-1.0000000000000007,99,1008,0.7700431458051551
-1.0000000000000007,99,967,0.7623427143471035
-1.0000000000000007,99,1000,0.7547192872036325
-1.0000000000000007,99,995,0.7471720943315961
-1.0000000000000007,99,1006,0.7397003733882802
-1.0000000000000007,99,993,0.7323033696543974
-1.0000000000000007,99,990,0.7249803359578534
-1.0000000000000007,99,907,0.7177305325982748
-1.0000000000000007,99,1010,0.7105532272722921
-1.0000000000000007,99,985,0.7034476949995692
-1.0000000000000007,99,908,0.6964132180495735
-1.0000000000000007,99,992,0.6894490858690777
-1.0000000000000007,99,1010,0.682554595010387
-1.0000000000000007,99,963,0.6757290490602831
-1.0000000000000007,99,999,0.6689717585696803
-1.0000000000000007,99,1007,0.6622820409839835
-1.0000000000000007,99,1014,0.6556592205741436
-1.0000000000000007,99,1013,0.6491026283684022
-1.0000000000000007,99,908,0.6426116020847181
-1.0000000000000007,99,986,0.6361854860638709
-1.0000000000000007,99,1007,0.6298236312032323
-1.0000000000000007,99,901,0.6235253948912
-1.0000000000000007,99,899,0.617290140942288
-1.0000000000000007,99,927,0.6111172395328651
-1.0000000000000007,99,899,0.6050060671375365
-1.0000000000000007,99,937,0.5989560064661611
-1.0000000000000007,99,958,0.5929664464014994
-1.0000000000000007,99,899,0.5870367819374844
-1.0000000000000007,99,899,0.5811664141181095
-1.0000000000000007,99,899,0.5753547499769285
-1.0000000000000007,99,907,0.5696012024771592
-1.0000000000000007,99,996,0.5639051904523876
-1.0000000000000007,99,947,0.5582661385478638
-1.0000000000000007,99,1004,0.5526834771623851
-1.0000000000000007,99,989,0.5471566423907612
-1.0000000000000007,99,994,0.5416850759668536
-0.7800000000000005,78,723,0.536268225207185
-1.0000000000000007,99,899,0.5309055429551132
-1.0000000000000007,99,922,0.525596487525562
-1.0000000000000007,99,899,0.5203405226503064
-0.7100000000000004,71,659,0.5151371174238033
-0.9000000000000006,90,837,0.5099857462495653
-0.7700000000000005,77,734,0.5048858887870696
-1.0000000000000007,99,925,0.4998370298991989
-1.0000000000000007,99,939,0.49483865960020695
-1.0000000000000007,99,899,0.4898902730042049
-1.0000000000000007,99,935,0.48499137027416284
-1.0000000000000007,99,938,0.4801414565714212
-1.0000000000000007,99,943,0.475340042005707
-1.0000000000000007,99,941,0.47058664158564995
-1.0000000000000007,99,943,0.4658807751697934
-1.0000000000000007,99,966,0.4612219674180955
-1.0000000000000007,99,908,0.45660974774391455
-1.0000000000000007,99,999,0.4520436502664754
-1.0000000000000007,99,1016,0.44752321376381066
-1.0000000000000007,99,905,0.44304798162617254
-1.0000000000000007,99,904,0.4386175018099108
-1.0000000000000007,99,905,0.4342313267918117
-1.0000000000000007,99,994,0.4298890135238936
-1.0000000000000007,99,989,0.42559012338865465
-1.0000000000000007,99,994,0.4213342221547681
-1.0000000000000007,99,909,0.41712087993322045
-1.0000000000000007,99,911,0.41294967113388825
-1.0000000000000007,99,1008,0.40882017442254937
-1.0000000000000007,99,988,0.4047319726783239
-1.0000000000000007,99,970,0.40068465295154065
-1.0000000000000007,99,993,0.39667780642202527
-1.0000000000000007,99,989,0.392711028357805
-1.0000000000000007,99,1007,0.38878391807422696
-1.0000000000000007,99,996,0.3848960788934847
-1.0000000000000007,99,1005,0.38104711810454983
-1.0000000000000007,99,1023,0.37723664692350434
-1.0000000000000007,99,1008,0.37346428045426927
-0.8100000000000005,81,806,0.36972963764972655
-1.0000000000000007,99,910,0.36603234127322926
-1.0000000000000007,99,1006,0.36237201786049694
-1.0000000000000007,99,993,0.358748297681892
-1.0000000000000007,99,1010,0.35516081470507305
-1.0000000000000007,99,1003,0.3516092065580223
-1.0000000000000007,99,1014,0.34809311449244207
-1.0000000000000007,99,990,0.34461218334751764
-1.0000000000000007,99,994,0.34116606151404244
-1.0000000000000007,99,998,0.337754400898902
-1.0000000000000007,99,1022,0.334376856889913
-1.0000000000000007,99,1014,0.33103308832101386
-1.0000000000000007,99,1017,0.3277227574378037
-1.0000000000000007,99,1002,0.3244455298634257
-1.0000000000000007,99,1003,0.3212010745647914
-1.0000000000000007,99,1001,0.3179890638191435
-1.0000000000000007,99,1029,0.31480917318095203
-1.0000000000000007,99,1006,0.3116610814491425
-1.0000000000000007,99,1017,0.30854447063465107
-1.0000000000000007,99,997,0.30545902592830454
-1.0000000000000007,99,1005,0.3024044356690215
-1.0000000000000007,99,1013,0.29938039131233124
-1.0000000000000007,99,1015,0.2963865873992079
-1.0000000000000007,99,1007,0.29342272152521587
-1.0000000000000007,99,912,0.2904884943099637
-1.0000000000000007,99,995,0.28758360936686406
-1.0000000000000007,99,1005,0.2847077732731954
-1.0000000000000007,99,931,0.28186069554046345
-1.0000000000000007,99,993,0.2790420885850588
-1.0000000000000007,99,999,0.2762516676992082
-1.0000000000000007,99,1013,0.27348915102221616
-1.0000000000000007,99,1023,0.270754259511994
-1.0000000000000007,99,990,0.26804671691687404
-1.0000000000000007,99,995,0.2653662497477053
-1.0000000000000007,99,1002,0.2627125872502282
-1.0000000000000007,99,1001,0.2600854613777259
-1.0000000000000007,99,1011,0.2574846067639487
-0.8600000000000005,86,868,0.2549097606963092
-1.0000000000000007,99,996,0.2523606630893461
-1.0000000000000007,99,1012,0.24983705645845267
-1.0000000000000007,99,990,0.24733868589386815
-1.0000000000000007,99,940,0.24486529903492946
-1.0000000000000007,99,993,0.24241664604458016
-1.0000000000000007,99,899,0.23999247958413436
-1.0000000000000007,99,948,0.23759255478829303
-1.0000000000000007,99,959,0.2352166292404101
-1.0000000000000007,99,899,0.232864462948006
-1.0000000000000007,99,910,0.23053581831852593
-1.0000000000000007,99,956,0.22823046013534068
-1.0000000000000007,99,947,0.22594815553398728
-1.0000000000000007,99,899,0.22368867397864742
-1.0000000000000007,99,898,0.22145178723886094
-1.0000000000000007,99,954,0.21923726936647234
-1.0000000000000007,99,942,0.2170448966728076
-1.0000000000000007,99,957,0.21487444770607952
-1.0000000000000007,99,942,0.21272570322901874
-1.0000000000000007,99,977,0.21059844619672854
-1.0000000000000007,99,1049,0.20849246173476127
-1.0000000000000007,99,939,0.20640753711741366
-1.0000000000000007,99,947,0.20434346174623952
-1.0000000000000007,99,1033,0.20230002712877712
-1.0000000000000007,99,1000,0.20027702685748935
-1.0000000000000007,99,956,0.19827425658891445
-1.0000000000000007,99,1032,0.1962915140230253
-1.0000000000000007,99,1011,0.19432859888279505
-1.0000000000000007,99,1009,0.1923853128939671
-1.0000000000000007,99,940,0.19046145976502743
-1.0000000000000007,99,956,0.18855684516737714
-1.0000000000000007,99,1018,0.18667127671570335
-1.0000000000000007,99,993,0.18480456394854633
-1.0000000000000007,99,992,0.18295651830906087
-1.0000000000000007,99,957,0.18112695312597027
-1.0000000000000007,99,1024,0.17931568359471056
-1.0000000000000007,99,1021,0.17752252675876345
-1.0000000000000007,99,1019,0.17574730149117582
-1.0000000000000007,99,992,0.17398982847626407
-1.0000000000000007,99,919,0.17224993019150142
-1.0000000000000007,99,986,0.1705274308895864
-1.0000000000000007,99,990,0.16882215658069055
-1.0000000000000007,99,960,0.16713393501488363
-1.0000000000000007,99,994,0.16546259566473479
-1.0000000000000007,99,1054,0.16380796970808745
-1.0000000000000007,99,909,0.16216989001100657
-1.0000000000000007,99,899,0.1605481911108965
-1.0000000000000007,99,899,0.15894270919978754
-1.0000000000000007,99,948,0.15735328210778965
-1.0000000000000007,99,900,0.15577974928671176
-1.0000000000000007,99,959,0.15422195179384465
-1.0000000000000007,99,934,0.1526797322759062
-1.0000000000000007,99,898,0.15115293495314713
-1.0000000000000007,99,899,0.14964140560361566
-1.0000000000000007,99,949,0.1481449915475795
-1.0000000000000007,99,931,0.1466635416321037
-1.0000000000000007,99,899,0.14519690621578268
-1.0000000000000007,99,958,0.14374493715362485
-1.0000000000000007,99,898,0.1423074877820886
-1.0000000000000007,99,899,0.1408844129042677
-1.0000000000000007,99,942,0.13947556877522502
-1.0000000000000007,99,899,0.13808081308747278
-1.0000000000000007,99,961,0.13670000495659804
-1.0000000000000007,99,899,0.13533300490703207
-1.0000000000000007,99,899,0.13397967485796175
-1.0000000000000007,99,998,0.13263987810938213
-1.0000000000000007,99,1017,0.1313134793282883
-1.0000000000000007,99,898,0.13000034453500542
-1.0000000000000007,99,899,0.12870034108965536
-1.0000000000000007,99,899,0.12741333767875881
-1.0000000000000007,99,942,0.12613920430197123
-1.0000000000000007,99,1026,0.12487781225895152
-1.0000000000000007,99,990,0.123629034136362
-1.0000000000000007,99,1001,0.12239274379499838
-1.0000000000000007,99,1031,0.1211688163570484
-1.0000000000000007,99,1015,0.11995712819347792
-1.0000000000000007,99,985,0.11875755691154315
-1.0000000000000007,99,988,0.11756998134242772
-1.0000000000000007,99,997,0.11639428152900344
-1.0000000000000007,99,1013,0.11523033871371341
-1.0000000000000007,99,995,0.11407803532657627
-1.0000000000000007,99,1009,0.11293725497331052
-1.0000000000000007,99,1001,0.1118078824235774
-1.0000000000000007,99,1001,0.11068980359934164
-1.0000000000000007,99,997,0.10958290556334822
-1.0000000000000007,99,987,0.10848707650771475
-1.0000000000000007,99,1011,0.1074022057426376
-1.0000000000000007,99,979,0.10632818368521123
-1.0000000000000007,99,979,0.10526490184835911
-1.0000000000000007,99,980,0.10421225282987552
-1.0000000000000007,99,988,0.10317013030157676
-1.0000000000000007,99,1018,0.10213842899856099
-1.0000000000000007,99,1002,0.10111704470857538
-1.0000000000000007,99,983,0.10010587426148963
-1.0000000000000007,99,976,0.09910481551887473
-1.0000000000000007,99,977,0.09811376736368599
-1.0000000000000007,99,982,0.09713262969004913
-1.0000000000000007,99,984,0.09616130339314863
-1.0000000000000007,99,983,0.09519969035921715
-1.0000000000000007,99,977,0.09424769345562498
-1.0000000000000007,99,978,0.09330521652106873
-1.0000000000000007,99,978,0.09237216435585804
-1.0000000000000007,99,974,0.09144844271229946
-1.0000000000000007,99,934,0.09053395828517646
-1.0000000000000007,99,899,0.08962861870232469
-1.0000000000000007,99,899,0.08873233251530144
-1.0000000000000007,99,942,0.08784500919014843
-1.0000000000000007,99,899,0.08696655909824694
-1.0000000000000007,99,934,0.08609689350726446
-1.0000000000000007,99,899,0.08523592457219181
-1.0000000000000007,99,899,0.0843835653264699
-1.0000000000000007,99,942,0.0835397296732052
-1.0000000000000007,99,899,0.08270433237647315
-1.0000000000000007,99,898,0.08187728905270841
-1.0000000000000007,99,927,0.08187728905270841
-1.0000000000000007,99,967,0.08105851616218133
-1.0000000000000007,99,968,0.08024793100055952
-1.0000000000000007,99,903,0.07944545169055392
-1.0000000000000007,99,967,0.07865099717364837
-1.0000000000000007,99,906,0.07786448720191189
-1.0000000000000007,99,970,0.07708584232989277
-1.0000000000000007,99,975,0.07631498390659384
-1.0000000000000007,99,904,0.07555183406752791
-1.0000000000000007,99,973,0.07479631572685264
-1.0000000000000007,99,963,0.07404835256958411
-1.0000000000000007,99,965,0.07330786904388827
-1.0000000000000007,99,977,0.07257479035344938
-1.0000000000000007,99,954,0.07184904244991488
-1.0000000000000007,99,966,0.07113055202541574
-1.0000000000000007,99,969,0.07041924650516158
-1.0000000000000007,99,953,0.06971505404010997
-1.0000000000000007,99,947,0.06901790349970886
-1.0000000000000007,99,969,0.06832772446471178
-1.0000000000000007,99,906,0.06764444722006466
-1.0000000000000007,99,958,0.066968002747864
-1.0000000000000007,99,967,0.06629832272038537
-1.0000000000000007,99,976,0.06563533949318151
-1.0000000000000007,99,968,0.06497898609824969
-1.0000000000000007,99,904,0.0643291962372672
-1.0000000000000007,99,971,0.06368590427489453
-1.0000000000000007,99,909,0.06304904523214558
-1.0000000000000007,99,960,0.06241855477982412
-1.0000000000000007,99,957,0.06179436923202588
-1.0000000000000007,99,968,0.06117642553970562
-1.0000000000000007,99,964,0.06056466128430856
-1.0000000000000007,99,1000,0.05995901467146548
-1.0000000000000007,99,974,0.05935942452475082
-1.0000000000000007,99,989,0.058765830279503314
-1.0000000000000007,99,989,0.05817817197670828
-1.0000000000000007,99,982,0.057596390256941195
-1.0000000000000007,99,990,0.05702042635437178
-1.0000000000000007,99,993,0.05645022209082806
-1.0000000000000007,99,963,0.05588571986991978
-1.0000000000000007,99,994,0.055326862671220584
-1.0000000000000007,99,1003,0.05477359404450838
-1.0000000000000007,99,962,0.054225858104063294
-1.0000000000000007,99,997,0.05368359952302266
-1.0000000000000007,99,954,0.053146763527792434
-1.0000000000000007,99,896,0.052615295892514506
-1.0000000000000007,99,870,0.052089142933589364
-1.0000000000000007,99,898,0.05156825150425347
-1.0000000000000007,99,870,0.051052568989210935
-1.0000000000000007,99,899,0.05054204329931883
-1.0000000000000007,99,874,0.05003662286632564
-1.0000000000000007,99,870,0.04953625663766238
-1.0000000000000007,99,895,0.04904089407128576
-1.0000000000000007,99,919,0.0485504851305729
-1.0000000000000007,99,896,0.048064980279267165
-1.0000000000000007,99,939,0.04758433047647449
-1.0000000000000007,99,973,0.04710848717170975
-1.0000000000000007,99,980,0.04663740229999265
-1.0000000000000007,99,948,0.04617102827699272
-1.0000000000000007,99,947,0.045709317994222794
-1.0000000000000007,99,970,0.04525222481428057
-1.0000000000000007,99,973,0.04479970256613776
-1.0000000000000007,99,970,0.04435170554047638
-1.0000000000000007,99,962,0.043908188485071616
-1.0000000000000007,99,977,0.0434691066002209
-1.0000000000000007,99,899,0.04303441553421869
-1.0000000000000007,99,974,0.0426040713788765
-1.0000000000000007,99,950,0.04217803066508773
-1.0000000000000007,99,981,0.04175625035843686
-1.0000000000000007,99,909,0.041338687854852486
-1.0000000000000007,99,972,0.04092530097630396
-1.0000000000000007,99,974,0.040516047966540916
-1.0000000000000007,99,975,0.04011088748687551
-1.0000000000000007,99,916,0.03970977861200675
-1.0000000000000007,99,895,0.03931268082588668
-1.0000000000000007,99,994,0.03891955401762781
-1.0000000000000007,99,992,0.03853035847745153
-1.0000000000000007,99,996,0.03814505489267701
-1.0000000000000007,99,993,0.03776360434375024
-1.0000000000000007,99,993,0.03738596830031274
-1.0000000000000007,99,1011,0.03701210861730961
-1.0000000000000007,99,993,0.03664198753113651
-1.0000000000000007,99,965,0.036275567655825146
-1.0000000000000007,99,991,0.03591281197926689
-1.0000000000000007,99,1000,0.035553683859474224
-1.0000000000000007,99,987,0.03519814702087948
-1.0000000000000007,99,965,0.03484616555067068
-1.0000000000000007,99,909,0.034497703895163975
-1.0000000000000007,99,949,0.03415272685621234
-1.0000000000000007,99,931,0.03381119958765021
-1.0000000000000007,99,921,0.03347308759177371
-1.0000000000000007,99,926,0.03313835671585597
-1.0000000000000007,99,925,0.03280697314869741
-1.0000000000000007,99,920,0.032478903417210436
-1.0000000000000007,99,922,0.032154114383038335
-1.0000000000000007,99,929,0.03183257323920795
-1.0000000000000007,99,918,0.03151424750681587
-1.0000000000000007,99,933,0.03119910503174771
-1.0000000000000007,99,889,0.030887113981430233
-1.0000000000000007,99,922,0.03057824284161593
-1.0000000000000007,99,961,0.03027246041319977
-1.0000000000000007,99,899,0.029969735809067772
-1.0000000000000007,99,920,0.029670038450977095
-1.0000000000000007,99,929,0.029373338066467324
-1.0000000000000007,99,925,0.02907960468580265
-1.0000000000000007,99,898,0.028788808638944622
-1.0000000000000007,99,993,0.028500920552555174
-1.0000000000000007,99,991,0.028215911347029624
-1.0000000000000007,99,985,0.027933752233559327
-1.0000000000000007,99,989,0.027654414711223735
-1.0000000000000007,99,959,0.027377870564111496
-1.0000000000000007,99,990,0.027104091858470382
-1.0000000000000007,99,968,0.026833050939885677
-1.0000000000000007,99,1000,0.02656472043048682
-1.0000000000000007,99,961,0.02629907322618195
-1.0000000000000007,99,991,0.026036082493920133
-1.0000000000000007,99,994,0.02577572166898093
-1.0000000000000007,99,986,0.025517964452291122
-1.0000000000000007,99,997,0.02526278480776821
-1.0000000000000007,99,967,0.025010156959690527
-1.0000000000000007,99,981,0.02476005539009362
-1.0000000000000007,99,991,0.024512454836192684
-1.0000000000000007,99,964,0.024267330287830756
-1.0000000000000007,99,960,0.024024656984952448
-1.0000000000000007,99,992,0.023784410415102923
-1.0000000000000007,99,906,0.023546566310951894
-1.0000000000000007,99,895,0.023311100647842375
-1.0000000000000007,99,897,0.02307798964136395
-1.0000000000000007,99,897,0.022847209744950314
-1.0000000000000007,99,965,0.02261873764750081
-1.0000000000000007,99,906,0.022392550271025803
-1.0000000000000007,99,980,0.022168624768315544
-1.0000000000000007,99,956,0.02194693852063239
-1.0000000000000007,99,966,0.021727469135426065
-1.0000000000000007,99,969,0.021510194444071803
-1.0000000000000007,99,977,0.021295092499631085
-1.0000000000000007,99,986,0.021082141574634772
-1.0000000000000007,99,966,0.020871320158888425
-1.0000000000000007,99,981,0.020662606957299542
-1.0000000000000007,99,983,0.020455980887726547
-1.0000000000000007,99,904,0.02025142107884928
-1.0000000000000007,99,947,0.020048906868060788
-1.0000000000000007,99,984,0.01984841779938018
-1.0000000000000007,99,987,0.019649933621386378
-1.0000000000000007,99,984,0.019453434285172513
-1.0000000000000007,99,925,0.019258899942320787
-1.0000000000000007,99,983,0.01906631094289758
-1.0000000000000007,99,977,0.018875647833468602
-1.0000000000000007,99,956,0.018686891355133916
-1.0000000000000007,99,959,0.018500022441582577
-1.0000000000000007,99,995,0.01831502221716675
-1.0000000000000007,99,997,0.018131871994995084
-1.0000000000000007,99,995,0.017950553275045134
-1.0000000000000007,99,967,0.017771047742294682
-1.0000000000000007,99,997,0.017593337264871736
-1.0000000000000007,99,967,0.01741740389222302
-1.0000000000000007,99,970,0.01724322985330079
-1.0000000000000007,99,996,0.017070797554767782
-1.0000000000000007,99,959,0.016900089579220106
-1.0000000000000007,99,960,0.016731088683427906
-1.0000000000000007,99,933,0.016563777796593626
-1.0000000000000007,99,888,0.016398140018627688
-1.0000000000000007,99,926,0.01623415861844141
-1.0000000000000007,99,920,0.016071817032256998
-1.0000000000000007,99,898,0.01591109886193443
-1.0000000000000007,99,927,0.015751987873315085
-1.0000000000000007,99,925,0.015594467994581935
-1.0000000000000007,99,923,0.015438523314636115
-1.0000000000000007,99,969,0.015284138081489753
-1.0000000000000007,99,959,0.015131296700674856
-1.0000000000000007,99,917,0.014979983733668108
-1.0000000000000007,99,874,0.014830183896331426
-1.0000000000000007,99,897,0.014681882057368112
-1.0000000000000007,99,895,0.01453506323679443
-1.0000000000000007,99,866,0.014389712604426485
-1.0000000000000007,99,873,0.01424581547838222
-1.0000000000000007,99,897,0.014103357323598397
-1.0000000000000007,99,870,0.013962323750362413
-1.0000000000000007,99,887,0.013822700512858789
-1.0000000000000007,99,880,0.0136844735077302
-1.0000000000000007,99,898,0.013547628772652899
-1.0000000000000007,99,866,0.01341215248492637
-1.0000000000000007,99,868,0.013278030960077106
-1.0000000000000007,99,899,0.013145250650476335
-1.0000000000000007,99,865,0.01301379814397157
-1.0000000000000007,99,899,0
-1.0000000000000007,99,969,0
-1.0000000000000007,99,903,0
-1.0000000000000007,99,964,0
-1.0000000000000007,99,906,0
-1.0000000000000007,99,971,0
-1.0000000000000007,99,984,0
-1.0000000000000007,99,909,0
-1.0000000000000007,99,982,0
-1.0000000000000007,99,986,0
-1.0000000000000007,99,979,0
-1.0000000000000007,99,974,0
-1.0000000000000007,99,950,0
-1.0000000000000007,99,902,0
-1.0000000000000007,99,959,0
-1.0000000000000007,99,953,0
-1.0000000000000007,99,970,0
-1.0000000000000007,99,903,0
-1.0000000000000007,99,900,0
-1.0000000000000007,99,965,0
-1.0000000000000007,99,971,0
-1.0000000000000007,99,976,0
-1.0000000000000007,99,976,0
-1.0000000000000007,99,950,0
-1.0000000000000007,99,986,0
-1.0000000000000007,99,907,0
-1.0000000000000007,99,946,0
-1.0000000000000007,99,969,0
-1.0000000000000007,99,946,0
-1.0000000000000007,99,967,0
-1.0000000000000007,99,972,0
-1.0000000000000007,99,952,0
-1.0000000000000007,99,967,0
-1.0000000000000007,99,971,0
-1.0000000000000007,99,904,0
-1.0000000000000007,99,909,0
-1.0000000000000007,99,913,0
-1.0000000000000007,99,957,0
-1.0000000000000007,99,970,0
-1.0000000000000007,99,986,0
-1.0000000000000007,99,958,0
-1.0000000000000007,99,991,0
-1.0000000000000007,99,986,0
-1.0000000000000007,99,987,0
-1.0000000000000007,99,963,0
-1.0000000000000007,99,983,0
-1.0000000000000007,99,990,0
-1.0000000000000007,99,977,0
-1.0000000000000007,99,974,0
-1.0000000000000007,99,998,0
-1.0000000000000007,99,994,0
-1.0000000000000007,99,998,0
-1.0000000000000007,99,969,0
-1.0000000000000007,99,1003,0
-1.0000000000000007,99,965,0
-1.0000000000000007,99,994,0
-1.0000000000000007,99,999,0
-1.0000000000000007,99,969,0
-1.0000000000000007,99,994,0
-1.0000000000000007,99,967,0
-1.0000000000000007,99,991,0
-1.0000000000000007,99,902,0
-1.0000000000000007,99,993,0
-1.0000000000000007,99,988,0
-1.0000000000000007,99,988,0
-1.0000000000000007,99,988,0
-1.0000000000000007,99,966,0
-1.0000000000000007,99,983,0
-1.0000000000000007,99,990,0
-1.0000000000000007,99,966,0
-1.0000000000000007,99,986,0
-1.0000000000000007,99,989,0
-1.0000000000000007,99,995,0
-1.0000000000000007,99,994,0
-1.0000000000000007,99,996,0
-1.0000000000000007,99,965,0
-1.0000000000000007,99,988,0
-1.0000000000000007,99,996,0
-1.0000000000000007,99,968,0
-1.0000000000000007,99,989,0
-1.0000000000000007,99,991,0
-1.0000000000000007,99,982,0
-1.0000000000000007,99,941,0
-1.0000000000000007,99,968,0
-1.0000000000000007,99,957,0
-1.0000000000000007,99,955,0
-1.0000000000000007,99,968,0
-1.0000000000000007,99,978,0
-1.0000000000000007,99,987,0
-1.0000000000000007,99,967,0
-1.0000000000000007,99,959,0
-1.0000000000000007,99,1001,0
-1.0000000000000007,99,957,0
-1.0000000000000007,99,1004,0
-1.0000000000000007,99,992,0
-1.0000000000000007,99,988,0
-1.0000000000000007,99,998,0
-1.0000000000000007,99,980,0
-1.0000000000000007,99,1006,0
-1.0000000000000007,99,996,0
-1.0000000000000007,99,997,0
-1.0000000000000007,99,969,0
-1.0000000000000007,99,1005,0
-1.0000000000000007,99,975,0
-1.0000000000000007,99,994,0
-1.0000000000000007,99,990,0
-1.0000000000000007,99,970,0
-1.0000000000000007,99,982,0
-1.0000000000000007,99,1000,0
-1.0000000000000007,99,990,0
-1.0000000000000007,99,999,0
-1.0000000000000007,99,994,0
-1.0000000000000007,99,962,0
-1.0000000000000007,99,1006,0
-1.0000000000000007,99,994,0
-1.0000000000000007,99,999,0
-1.0000000000000007,99,968,0
-1.0000000000000007,99,982,0
-1.0000000000000007,99,974,0
-1.0000000000000007,99,968,0
-1.0000000000000007,99,978,0
-1.0000000000000007,99,973,0
-1.0000000000000007,99,971,0
-1.0000000000000007,99,897,0
-1.0000000000000007,99,899,0
-1.0000000000000007,99,999,0
-1.0000000000000007,99,992,0
-1.0000000000000007,99,987,0
-1.0000000000000007,99,974,0
-1.0000000000000007,99,1001,0
-1.0000000000000007,99,1000,0
-1.0000000000000007,99,972,0
-1.0000000000000007,99,969,0
-1.0000000000000007,99,998,0
-1.0000000000000007,99,991,0
-1.0000000000000007,99,996,0
-1.0000000000000007,99,987,0
-1.0000000000000007,99,982,0
-1.0000000000000007,99,989,0
-1.0000000000000007,99,964,0
-1.0000000000000007,99,988,0
-1.0000000000000007,99,962,0
-1.0000000000000007,99,1002,0
-1.0000000000000007,99,962,0
-1.0000000000000007,99,967,0
-1.0000000000000007,99,922,0
-1.0000000000000007,99,919,0
-1.0000000000000007,99,924,0
-1.0000000000000007,99,913,0
-1.0000000000000007,99,926,0
-1.0000000000000007,99,921,0
-1.0000000000000007,99,923,0
-1.0000000000000007,99,925,0
-1.0000000000000007,99,920,0
-1.0000000000000007,99,934,0
-1.0000000000000007,99,894,0
-1.0000000000000007,99,913,0
-1.0000000000000007,99,897,0
-1.0000000000000007,99,909,0
-1.0000000000000007,99,865,0
-1.0000000000000007,99,889,0
-1.0000000000000007,99,909,0
-1.0000000000000007,99,869,0
-1.0000000000000007,99,904,0
-1.0000000000000007,99,898,0
-1.0000000000000007,99,892,0
-1.0000000000000007,99,893,0
-1.0000000000000007,99,891,0
-1.0000000000000007,99,897,0
-1.0000000000000007,99,874,0
-1.0000000000000007,99,879,0
-1.0000000000000007,99,891,0
-1.0000000000000007,99,871,0
-1.0000000000000007,99,899,0
-1.0000000000000007,99,955,0
-1.0000000000000007,99,900,0
-1.0000000000000007,99,903,0
-1.0000000000000007,99,900,0
-1.0000000000000007,99,958,0
-1.0000000000000007,99,962,0
-1.0000000000000007,99,904,0
-1.0000000000000007,99,904,0
-1.0000000000000007,99,907,0
-1.0000000000000007,99,973,0
-1.0000000000000007,99,974,0
-1.0000000000000007,99,962,0
-1.0000000000000007,99,977,0
-1.0000000000000007,99,970,0
-1.0000000000000007,99,965,0
-1.0000000000000007,99,943,0
-1.0000000000000007,99,963,0
-1.0000000000000007,99,945,0
-1.0000000000000007,99,969,0
-1.0000000000000007,99,903,0
-1.0000000000000007,99,908,0
-1.0000000000000007,99,967,0
-1.0000000000000007,99,964,0
-1.0000000000000007,99,970,0
-1.0000000000000007,99,970,0
-1.0000000000000007,99,974,0
-1.0000000000000007,99,971,0
-1.0000000000000007,99,969,0
-1.0000000000000007,99,971,0
-1.0000000000000007,99,899,0
-1.0000000000000007,99,899,0
-1.0000000000000007,99,890,0
-1.0000000000000007,99,899,0
-1.0000000000000007,99,870,0
-1.0000000000000007,99,874,0
-1.0000000000000007,99,905,0
-1.0000000000000007,99,874,0
-1.0000000000000007,99,898,0
-1.0000000000000007,99,900,0
-1.0000000000000007,99,865,0
-1.0000000000000007,99,906,0
-1.0000000000000007,99,899,0
-1.0000000000000007,99,871,0
-1.0000000000000007,99,868,0
-1.0000000000000007,99,898,0
-1.0000000000000007,99,910,0
-1.0000000000000007,99,877,0
-1.0000000000000007,99,899,0
-1.0000000000000007,99,904,0
-1.0000000000000007,99,899,0
-1.0000000000000007,99,909,0
-1.0000000000000007,99,970,0
-1.0000000000000007,99,971,0
-1.0000000000000007,99,974,0
-1.0000000000000007,99,900,0
-1.0000000000000007,99,869,0
-1.0000000000000007,99,870,0
-1.0000000000000007,99,887,0
-1.0000000000000007,99,863,0
-1.0000000000000007,99,893,0
-1.0000000000000007,99,866,0
-1.0000000000000007,99,890,0
-1.0000000000000007,99,896,0
-1.0000000000000007,99,904,0
-1.0000000000000007,99,897,0
-1.0000000000000007,99,897,0
-1.0000000000000007,99,896,0
-1.0000000000000007,99,904,0
-1.0000000000000007,99,973,0
-1.0000000000000007,99,961,0
-1.0000000000000007,99,965,0
-1.0000000000000007,99,967,0
-1.0000000000000007,99,957,0
-1.0000000000000007,99,967,0
-1.0000000000000007,99,966,0
-1.0000000000000007,99,972,0
-1.0000000000000007,99,923,0
-1.0000000000000007,99,954,0
-1.0000000000000007,99,1000,0
-1.0000000000000007,99,962,0
-1.0000000000000007,99,944,0
-1.0000000000000007,99,987,0
-1.0000000000000007,99,997,0
-1.0000000000000007,99,994,0
-1.0000000000000007,99,967,0
-1.0000000000000007,99,987,0
-1.0000000000000007,99,993,0
-1.0000000000000007,99,1024,0
-1.0000000000000007,99,983,0
-1.0000000000000007,99,1020,0
-1.0000000000000007,99,982,0
-1.0000000000000007,99,1010,0
-1.0000000000000007,99,997,0
-1.0000000000000007,99,997,0
-1.0000000000000007,99,995,0
-1.0000000000000007,99,912,0
-1.0000000000000007,99,1019,0
-1.0000000000000007,99,1018,0
-0.4200000000000002,42,398,0
-1.0000000000000007,99,904,0
-1.0000000000000007,99,900,0
-1.0000000000000007,99,868,0
-1.0000000000000007,99,908,0
-1.0000000000000007,99,905,0
-1.0000000000000007,99,899,0
-1.0000000000000007,99,899,0
-1.0000000000000007,99,960,0
-1.0000000000000007,99,948,0
-1.0000000000000007,99,979,0
-1.0000000000000007,99,961,0
-1.0000000000000007,99,907,0
-1.0000000000000007,99,909,0
-1.0000000000000007,99,979,0
-1.0000000000000007,99,976,0
-1.0000000000000007,99,930,0
-1.0000000000000007,99,879,0
-1.0000000000000007,99,899,0
-1.0000000000000007,99,900,0
-1.0000000000000007,99,908,0
-1.0000000000000007,99,899,0
-1.0000000000000007,99,953,0
-1.0000000000000007,99,970,0
-1.0000000000000007,99,906,0
-1.0000000000000007,99,965,0
-1.0000000000000007,99,962,0
-1.0000000000000007,99,975,0
-1.0000000000000007,99,955,0
-1.0000000000000007,99,974,0
-1.0000000000000007,99,968,0
-1.0000000000000007,99,977,0
-1.0000000000000007,99,906,0
-1.0000000000000007,99,950,0
-1.0000000000000007,99,908,0
-1.0000000000000007,99,968,0
-1.0000000000000007,99,929,0
-1.0000000000000007,99,907,0
-1.0000000000000007,99,904,0
-1.0000000000000007,99,949,0
-1.0000000000000007,99,963,0
-1.0000000000000007,99,905,0
-1.0000000000000007,99,975,0
-1.0000000000000007,99,985,0
-1.0000000000000007,99,973,0
-1.0000000000000007,99,979,0
-1.0000000000000007,99,964,0
-1.0000000000000007,99,986,0
-1.0000000000000007,99,967,0
-1.0000000000000007,99,981,0
-1.0000000000000007,99,979,0
-1.0000000000000007,99,984,0
-1.0000000000000007,99,988,0
-1.0000000000000007,99,982,0
-1.0000000000000007,99,980,0
-1.0000000000000007,99,962,0
-1.0000000000000007,99,911,0
-1.0000000000000007,99,907,0
-1.0000000000000007,99,973,0
-1.0000000000000007,99,962,0
-1.0000000000000007,99,909,0
-1.0000000000000007,99,969,0
-1.0000000000000007,99,975,0
-1.0000000000000007,99,953,0
-1.0000000000000007,99,900,0
-1.0000000000000007,99,971,0
-1.0000000000000007,99,912,0
-1.0000000000000007,99,972,0
-1.0000000000000007,99,968,0
-1.0000000000000007,99,977,0
-1.0000000000000007,99,977,0
-1.0000000000000007,99,906,0
-1.0000000000000007,99,977,0
-1.0000000000000007,99,971,0
-1.0000000000000007,99,974,0
-1.0000000000000007,99,972,0
-1.0000000000000007,99,900,0
-1.0000000000000007,99,961,0
-1.0000000000000007,99,959,0
-1.0000000000000007,99,987,0
-1.0000000000000007,99,975,0
-1.0000000000000007,99,976,0
-1.0000000000000007,99,974,0
-1.0000000000000007,99,985,0
-1.0000000000000007,99,926,0
-1.0000000000000007,99,904,0
-1.0000000000000007,99,977,0
-1.0000000000000007,99,969,0
-1.0000000000000007,99,984,0
-1.0000000000000007,99,878,0
-1.0000000000000007,99,868,0
-1.0000000000000007,99,898,0
-1.0000000000000007,99,898,0
-1.0000000000000007,99,900,0
-1.0000000000000007,99,872,0
-1.0000000000000007,99,899,0
-1.0000000000000007,99,909,0
-1.0000000000000007,99,946,0
-1.0000000000000007,99,899,0
-1.0000000000000007,99,951,0
-1.0000000000000007,99,951,0
-1.0000000000000007,99,964,0
-1.0000000000000007,99,945,0
-1.0000000000000007,99,969,0
-1.0000000000000007,99,984,0
-1.0000000000000007,99,1000,0
-1.0000000000000007,99,908,0
-1.0000000000000007,99,928,0
-1.0000000000000007,99,974,0
-1.0000000000000007,99,968,0
-1.0000000000000007,99,976,0
-1.0000000000000007,99,905,0
-1.0000000000000007,99,967,0
-1.0000000000000007,99,966,0
-1.0000000000000007,99,977,0
-1.0000000000000007,99,974,0
-1.0000000000000007,99,961,0
-1.0000000000000007,99,904,0
-1.0000000000000007,99,976,0
-1.0000000000000007,99,968,0
-1.0000000000000007,99,971,0
-1.0000000000000007,99,975,0
-1.0000000000000007,99,907,0
-1.0000000000000007,99,988,0
-1.0000000000000007,99,989,0
-1.0000000000000007,99,976,0
-1.0000000000000007,99,912,0
-1.0000000000000007,99,971,0
-1.0000000000000007,99,981,0
-1.0000000000000007,99,959,0
-1.0000000000000007,99,942,0
-1.0000000000000007,99,952,0
-1.0000000000000007,99,986,0
-1.0000000000000007,99,986,0
-1.0000000000000007,99,959,0
-1.0000000000000007,99,957,0
-1.0000000000000007,99,985,0
-1.0000000000000007,99,948,0
-1.0000000000000007,99,901,0
-1.0000000000000007,99,958,0
-1.0000000000000007,99,954,0
-1.0000000000000007,99,902,0
-1.0000000000000007,99,956,0
-1.0000000000000007,99,962,0
-1.0000000000000007,99,952,0
-1.0000000000000007,99,900,0
-1.0000000000000007,99,945,0
-1.0000000000000007,99,901,0
-1.0000000000000007,99,902,0
-1.0000000000000007,99,960,0
-1.0000000000000007,99,954,0
-1.0000000000000007,99,954,0
-1.0000000000000007,99,949,0
-1.0000000000000007,99,964,0
-1.0000000000000007,99,971,0
-1.0000000000000007,99,969,0
-1.0000000000000007,99,969,0
-1.0000000000000007,99,905,0
-1.0000000000000007,99,873,0
-1.0000000000000007,99,899,0
-1.0000000000000007,99,955,0
-1.0000000000000007,99,903,0
-1.0000000000000007,99,962,0
-1.0000000000000007,99,957,0
-1.0000000000000007,99,957,0
-1.0000000000000007,99,955,0
-1.0000000000000007,99,903,0
-1.0000000000000007,99,961,0
-1.0000000000000007,99,982,0
-1.0000000000000007,99,973,0
-1.0000000000000007,99,971,0
-1.0000000000000007,99,904,0
-1.0000000000000007,99,962,0
-1.0000000000000007,99,940,0
-1.0000000000000007,99,971,0
-1.0000000000000007,99,907,0
-1.0000000000000007,99,956,0
-1.0000000000000007,99,899,0
-1.0000000000000007,99,952,0
-1.0000000000000007,99,960,0
-1.0000000000000007,99,974,0
-1.0000000000000007,99,939,0
-1.0000000000000007,99,944,0
-1.0000000000000007,99,903,0
-1.0000000000000007,99,956,0
-1.0000000000000007,99,900,0
-1.0000000000000007,99,954,0
-1.0000000000000007,99,967,0
-1.0000000000000007,99,964,0
-1.0000000000000007,99,961,0
-1.0000000000000007,99,902,0
-1.0000000000000007,99,958,0
-1.0000000000000007,99,967,0
-1.0000000000000007,99,958,0
-1.0000000000000007,99,902,0
-1.0000000000000007,99,904,0
-1.0000000000000007,99,958,0
-1.0000000000000007,99,899,0
-1.0000000000000007,99,921,0
-1.0000000000000007,99,847,0
-1.0000000000000007,99,899,0
-1.0000000000000007,99,941,0
-1.0000000000000007,99,899,0
-1.0000000000000007,99,947,0
-1.0000000000000007,99,915,0
-1.0000000000000007,99,890,0
-1.0000000000000007,99,945,0
-1.0000000000000007,99,948,0
-1.0000000000000007,99,953,0
-1.0000000000000007,99,957,0
-1.0000000000000007,99,954,0
-1.0000000000000007,99,956,0
-1.0000000000000007,99,952,0
-1.0000000000000007,99,961,0
-1.0000000000000007,99,900,0
-1.0000000000000007,99,939,0
-1.0000000000000007,99,947,0
-1.0000000000000007,99,954,0
-1.0000000000000007,99,953,0
-1.0000000000000007,99,899,0
-1.0000000000000007,99,904,0
-1.0000000000000007,99,898,0
-1.0000000000000007,99,947,0
-1.0000000000000007,99,955,0
-1.0000000000000007,99,926,0
-1.0000000000000007,99,910,0
-1.0000000000000007,99,960,0
-1.0000000000000007,99,899,0
